train_loss,valid_loss,train_acc,valid_acc
0.09741734128270764,1.0099282616004348,0.9706249989569187,0.8481250002980232
0.09107783645857126,0.17599160589161328,0.9766666653752327,0.9349999994039535
0.09025727297528646,0.3837010046071373,0.9718749976158142,0.9149999985098839
0.08807199524366296,0.1647123321474646,0.9791666647791862,0.9574999982118606
0.08526122293726075,0.432206530442927,0.9729166650772094,0.9087499976158142
